species_name,overall_detection_rate,total_detections,bexar_detection_rate,hidalgo_detection_rate,bexar_spatial_cv,hidalgo_spatial_cv,temporal_cv,tier,model_strategy,county_specialty
Inca Dove,0.32681546082200164,85441,0.036669970267591674,0.40320562070848376,1.1349441361186006,1.2583898864735528,0.25748070643967347,1A_SpatialSpecialist,model_spatial,Neither
Curve-billed Thrasher,0.13684854744009028,35777,0.0204272657196344,0.16750020536460675,3.7210917869450753,0.8356853246047536,0.2724217687366437,1A_SpatialSpecialist,model_spatial,Neither
Long-billed Dowitcher,0.13599173790808422,35553,0.030833608633410416,0.16367800762506704,3.751990589020805,1.796386330595445,0.550050272891727,1A_SpatialSpecialist,model_spatial,Neither
Common Gallinule,0.12079866888519135,31581,0.022170832874499873,0.14676562824657283,2.654276951310014,1.6882921087199978,0.4151564836476412,1A_SpatialSpecialist,model_spatial,Neither
House Finch,0.11025685160747413,28825,0.38815475534999816,0.03709126403123475,0.5924498449030582,1.6175000547504328,0.5408122837603513,1A_SpatialSpecialist,model_spatial,Neither
Greater Yellowlegs,0.10223956241513187,26729,0.04907682707484491,0.11623636741419384,2.1366411483345185,1.7121545789486985,0.4820360072523212,1A_SpatialSpecialist,model_spatial,Neither
Orange-crowned Warbler,0.3751372234016103,98074,0.1747604889329369,0.42789286249269143,0.5545017298241824,0.8913186294121486,0.8356561518140876,1B_SeasonalSpecialist,model_seasonal,Both
Blue-gray Gnatcatcher,0.34604012469638723,90467,0.12968468964504642,0.4030026721559418,0.8682247870312886,0.9508086945810517,0.6324184202091288,1B_SeasonalSpecialist,model_seasonal,Both
Ruby-crowned Kinglet,0.2769636812209536,72408,0.23807950666226185,0.28720119449719494,0.4664140644205831,1.0712725553057874,0.8614943982949954,1B_SeasonalSpecialist,model_seasonal,Both
Northern Shoveler,0.257758142559336,67387,0.10476085599970635,0.29803961362461284,1.9962318654407436,1.5114152097940095,0.6352530557923194,1B_SeasonalSpecialist,model_seasonal,Both
Couchs Kingbird,0.249519000898885,65233,0.07267922035018169,0.2960777776167075,1.119405144824486,0.7957932822059187,0.6712033371054414,1B_SeasonalSpecialist,model_seasonal,Both
Yellow-rumped Warbler,0.2108669458947731,55128,0.19984950262452741,0.21376764323577307,0.569258506060746,1.1000798283492108,0.9987979493099093,1B_SeasonalSpecialist,model_seasonal,Both
Northern House Wren,0.17975404976380363,46994,0.0565099291561135,0.2122020401161639,0.8289113466431024,0.9902860488462648,0.9097205487593316,1B_SeasonalSpecialist,model_seasonal,Both
Green-winged Teal,0.15929772218715932,41646,0.049957787321513784,0.18808498712243113,2.7173171254925284,1.5802443463696452,0.7713715700821192,1B_SeasonalSpecialist,model_seasonal,Neither
Gadwall,0.15351043280356494,40133,0.0687699592555886,0.1758210960188259,1.4476584231300735,1.797533569180969,0.8429293488454516,1B_SeasonalSpecialist,model_seasonal,Both
Ruby-throated Hummingbird,0.1341098169717138,35061,0.0552986088169438,0.15485940980628077,1.3195472162340314,1.4881022955078254,0.6849331331036667,1B_SeasonalSpecialist,model_seasonal,Both
Barn Swallow,0.13263717558857843,34676,0.22679220350181697,0.1078478272424607,0.65954082676922,1.0465987361440272,0.680585624669453,1B_SeasonalSpecialist,model_seasonal,Both
Double-crested Cormorant,0.13263717558857843,34676,0.0663473185772492,0.1500901188215454,1.842246838386861,1.6134180025332998,0.731814728845172,1B_SeasonalSpecialist,model_seasonal,Both
Purple Martin,0.13039570065216977,34090,0.10149396175164263,0.13800501572851281,0.7899874488949471,1.5030499755538507,1.014732053683796,1B_SeasonalSpecialist,model_seasonal,Both
American White Pelican,0.12763784497102532,33369,0.059997063465844436,0.1454464626550503,2.8551153764193717,1.6685749356169342,0.707812275583602,1B_SeasonalSpecialist,model_seasonal,Both
American Kestrel,0.12285654177902729,32119,0.07045846639503726,0.1366520253782333,1.1584007463469588,0.7631492126358121,0.925064721234441,1B_SeasonalSpecialist,model_seasonal,Both
Osprey,0.1115458909480368,29162,0.026006680615203906,0.1340668473875206,3.3859414976316047,1.573043276379381,0.6210971837277725,1B_SeasonalSpecialist,model_seasonal,Neither
Belted Kingfisher,0.10370837875571366,27113,0.04098300480857468,0.12022285683912462,1.815419138107641,1.6480617398875266,0.8204304610953116,1B_SeasonalSpecialist,model_seasonal,Neither
Brown-crested Flycatcher,0.10281331879817163,26879,0.026226920676871122,0.12297715862362224,2.024613032126012,0.9036752368055883,1.0600017765293397,1B_SeasonalSpecialist,model_seasonal,Neither
Brown-headed Cowbird,0.10188765850020082,26637,0.1532320229049664,0.08836959830682922,0.6169131846734988,1.2160118463524718,0.6360155821866996,1B_SeasonalSpecialist,model_seasonal,Both
Green Heron,0.09867462275517815,25797,0.06276841757515692,0.10812808952930432,1.4290513523479285,1.898397481960009,0.6115215255561616,1B_SeasonalSpecialist,model_seasonal,Both
Black-crowned Night Heron,0.09867079771262455,25796,0.02859450133979371,0.11712064325026939,3.4138430872073786,2.6402975744743737,0.628145816238773,1B_SeasonalSpecialist,model_seasonal,Neither
Lincolns Sparrow,0.09864402241474936,25789,0.11815879308446206,0.0935061295294976,0.874871737245099,0.9570480867917787,0.6722246267947679,1B_SeasonalSpecialist,model_seasonal,Both
Chimney Swift,0.09728230726566833,25433,0.06961421282531292,0.10456682564303282,0.8869114365521992,1.181429552599639,0.8635518622098904,1B_SeasonalSpecialist,model_seasonal,Both
Northern Pintail,0.095170883776082,24881,0.03098043534118856,0.1120710899786904,2.7229785132387927,1.777377297112524,1.0120293723454772,1B_SeasonalSpecialist,model_seasonal,Neither
Ruddy Duck,0.09183927171189779,24010,0.052490548030686784,0.10219909253004364,2.64496261279706,2.352546814742493,0.6253953998865699,1B_SeasonalSpecialist,model_seasonal,Both
Scissor-tailed Flycatcher,0.08902404039244936,23274,0.1351172778328378,0.07688850876302858,1.2035558110655393,1.1209918906657301,0.675240124775999,1B_SeasonalSpecialist,model_seasonal,Both
Red-tailed Hawk,0.08257501864708244,21588,0.06537459163821899,0.08710358590763909,0.9274314657849084,0.8019327113657305,0.6903140704249123,1B_SeasonalSpecialist,model_seasonal,Both
Nashville Warbler,0.08056687130644329,21063,0.07543222112102191,0.08191873360103213,0.8977282027870832,1.514385632021659,0.8857157389526867,1B_SeasonalSpecialist,model_seasonal,Both
Wilsons Snipe,0.06087937728307227,15916,0.02314355981353008,0.07081454851195222,2.0573185891506096,2.6032117655061295,0.9587072357048325,1B_SeasonalSpecialist,model_seasonal,Neither
Lesser Scaup,0.05954443743186643,15567,0.038230004037734466,0.06515614958274744,2.184054774350136,2.0792741817635396,0.7494975824757996,1B_SeasonalSpecialist,model_seasonal,Neither
Yellow-billed Cuckoo,0.05112169372884273,13365,0.054674595308886687,0.05018627777858313,1.823417701571092,1.1190998328782191,1.2801790113892662,1B_SeasonalSpecialist,model_seasonal,Both
Blue-headed Vireo,0.04884196836689808,12769,0.02758506772381896,0.05443853316517596,0.9552015430718136,1.6053382312201372,0.6829020205218818,1B_SeasonalSpecialist,model_seasonal,Neither
Ring-necked Duck,0.04774035611146174,12481,0.03824835737620673,0.05023943097091554,1.6490743765284754,2.268276238338503,0.7823093681679357,1B_SeasonalSpecialist,model_seasonal,Neither
American Wigeon,0.04709392391990361,12312,0.02345556656755864,0.05331748401780149,1.2745768328820588,2.303092601085213,0.7411861238613732,1B_SeasonalSpecialist,model_seasonal,Neither
Wilsons Warbler,0.045005450685638874,11766,0.024666886906728334,0.05036023368076193,1.0899066164716251,2.598152410588492,0.880160240055161,1B_SeasonalSpecialist,model_seasonal,Neither
Painted Bunting,0.04341040794078834,11349,0.11024850420291452,0.025813123039976033,1.2250262998175765,1.6913757001825063,1.2414893608942137,1B_SeasonalSpecialist,model_seasonal,Neither
Great Crested Flycatcher,0.03872473081263029,10124,0.06102485042029145,0.032853504969823484,2.360981403111567,1.3167407458815295,0.805151050260079,1B_SeasonalSpecialist,model_seasonal,Neither
Yellow Warbler,0.032750014343909575,8562,0.05647322247916896,0.026504114540297368,0.8465349826661518,0.9373265196449007,0.7191836117222502,1B_SeasonalSpecialist,model_seasonal,Neither
Golden-fronted Woodpecker,0.6170635148316025,161322,0.2139448665712293,0.7231975027663821,0.5170245975182093,0.6802140981230075,0.12994460670350433,2A_TemporalOnly,stats_only,Both
Great-tailed Grackle,0.6118997073842446,159972,0.3776749990823331,0.6735669174530923,0.6398182267039177,0.5855110502057869,0.10787802590494545,2A_TemporalOnly,stats_only,Both
Great Kiskadee,0.5684510490179203,148613,0.0024960540322284622,0.7174569579944817,3.1152071755241337,0.808214456603878,0.2437612032241116,2A_TemporalOnly,stats_only,Hidalgo
Red-winged Blackbird,0.5004800428404766,130843,0.1648680394963844,0.5888407288752301,1.2001545175151902,0.6769941481770074,0.3024293142223929,2A_TemporalOnly,stats_only,Both
Turkey Vulture,0.4671141966454377,122120,0.2663436479095547,0.5199735200460017,0.44940486956491155,0.40556264488798577,0.220279841807168,2A_TemporalOnly,stats_only,Both
Mourning Dove,0.442813701302427,115767,0.3281576918841537,0.47300059434933245,0.3626531235691045,0.33363626723577283,0.2235971676008576,2A_TemporalOnly,stats_only,Both
Ladder-backed Woodpecker,0.4416394132384723,115460,0.22581947656278678,0.49846097347655705,0.48922182197956626,0.9126321369198855,0.18204349437095854,2A_TemporalOnly,stats_only,Both
American Avocet,0.08978904890316905,23474,0.02288661307491833,0.107403273270226,4.313579493231497,2.041568560793266,0.4479786923344903,2A_TemporalOnly,stats_only,Neither
Bewicks Wren,0.08946774532866678,23390,0.25957126601328784,0.04468250631798173,0.525975281653076,1.5543867391948727,0.4989929240228332,2A_TemporalOnly,stats_only,Neither
Black-and-white Warbler,0.08864536117964313,23175,0.05201336123040781,0.09828991683941454,1.6536590186251057,1.5729686545430528,0.4998794443676155,2A_TemporalOnly,stats_only,Both
Little Blue Heron,0.08809838009447855,23032,0.04329552545608046,0.09989417682617456,1.3637926877843678,2.0867400924511714,0.2823272773807568,2A_TemporalOnly,stats_only,Neither
Loggerhead Shrike,0.07889915275307438,20627,0.09716257387218735,0.07409071800298624,1.1175010641117273,0.7452044311780337,0.40463864890512585,2A_TemporalOnly,stats_only,Both
Cave Swallow,0.07557901581655097,19759,0.05359174833902287,0.08136787324413261,1.2159404724006635,1.3143516175637369,0.2703759442567107,2A_TemporalOnly,stats_only,Both
Eurasian Collared-Dove,0.06564920534740949,17163,0.027474947692985353,0.07569981009814013,1.9261549681083043,1.1974583669882857,0.22651857472151818,2A_TemporalOnly,stats_only,Neither
Lesser Yellowlegs,0.062267867730028494,16279,0.032760709172998566,0.07003657906054149,3.1940418462578553,2.140021198239368,0.3024457888045169,2A_TemporalOnly,stats_only,Neither
Western Cattle-Egret,0.05390249966530878,14092,0.047810446720258415,0.055506429120218026,1.299654900620424,1.8302250912496572,0.3797448286903318,2A_TemporalOnly,stats_only,Neither
Savannah Sparrow,0.04310057949394687,11268,0.048599640274565946,0.04165277435503433,1.1819842844734918,1.136155387371131,0.7257122697492878,2A_TemporalOnly,stats_only,Neither
Summer Tanager,0.04262244917474707,11143,0.08466395037257277,0.03155366781187636,1.0557144432508765,1.780551756356566,0.4964935726463567,2A_TemporalOnly,stats_only,Neither
Sharp-shinned Hawk,0.04144051102568516,10834,0.012186616745586023,0.04914254236551034,1.094816348217682,0.9449060198565534,0.7043803950647526,2A_TemporalOnly,stats_only,Neither
Greater Roadrunner,0.039964044599996175,10448,0.033494842711889294,0.0416672706802159,2.7488868266091253,1.2482677453333126,0.2790206394059502,2A_TemporalOnly,stats_only,Neither
White-tailed Hawk,0.039149310536079715,10235,5.506001541680432e-05,0.04944213308592938,3.874295578042524,0.8745939683225016,0.8364512867595534,2A_TemporalOnly,stats_only,Neither
Ruby-throated/Black-chinned Hummingbird,0.03905750951479335,10211,0.017380611533237895,0.044764652160677265,0.9522619376942304,1.7217477152186815,0.2959540902333233,2A_TemporalOnly,stats_only,Neither
Indigo Bunting,0.037152638323101346,9713,0.022721433028667914,0.040952118637925285,0.9285181677494424,1.2547628123942238,0.7961890680269005,2A_TemporalOnly,stats_only,Neither
American Pipit,0.03586359898253868,9376,0.03481628308189259,0.03613933867764522,1.2680968703645394,1.2452662250620414,1.0368192215438246,2A_TemporalOnly,stats_only,Neither
Fulvous Whistling-Duck,0.0343680073440817,8985,0.005285761480013214,0.0420248467013612,4.730812449878893,2.6177632073343857,0.49405417077700053,2A_TemporalOnly,stats_only,Neither
Gray Catbird,0.03408495419511542,8911,0.023877693352420806,0.036772344877240286,1.0824490889180634,1.4614352371789316,0.8378968722213683,2A_TemporalOnly,stats_only,Neither
Eastern Meadowlark,0.03158720140761566,8258,0.02160187938185956,0.03421615953689073,1.6978122965306202,0.9661855988337146,0.49931502436521386,2A_TemporalOnly,stats_only,Neither
Great Horned Owl,0.031001969896915102,8105,0.008938075835994567,0.03681100174439113,1.3968575679567001,1.3920448655727025,0.564364699977355,2A_TemporalOnly,stats_only,Neither
Cliff Swallow,0.030416738386214545,7952,0.02540102044561906,0.031737287930842864,0.9465928848924429,1.275524704633418,0.9032307908366782,2A_TemporalOnly,stats_only,Neither
Solitary Sandpiper,0.030275211811731404,7915,0.013379583746283449,0.03472353091824556,2.539045329527837,1.9295475470117798,0.4065371142386045,2A_TemporalOnly,stats_only,Neither
Lark Sparrow,0.029969208407443534,7835,0.0386154241456521,0.02769281320518582,2.1132873748521765,1.1911518595921506,0.5913367466483151,2A_TemporalOnly,stats_only,Neither
Muscovy Duck,0.029426052364832558,7693,0.04691113313511728,0.024822540819235656,1.6707059277995813,1.809967996077497,0.24812140840301347,2A_TemporalOnly,stats_only,Neither
Yellow-bellied Sapsucker,0.028400940960468184,7425,0.012076496714752414,0.03269887750122011,1.4144909484708277,1.5895198584955281,1.0258771111068141,2A_TemporalOnly,stats_only,Neither
Dickcissel,0.02728020349226385,7132,0.030209595125353303,0.026508946648691224,1.268434169746329,1.529941809627326,0.6731373368328085,2A_TemporalOnly,stats_only,Neither
Caspian Tern,0.026381318492168224,6897,0.0005689534926403112,0.0331772562322118,3.1239729441175905,2.8204933597629904,0.7480012510117331,2A_TemporalOnly,stats_only,Neither
swallow sp.,0.02629716755598906,6875,0.014829497485592629,0.029316401625521262,1.1095375278155033,1.1678989804507471,0.45352447743967433,2A_TemporalOnly,stats_only,Neither
Laughing Gull,0.024633274045173754,6440,0.0028264141247292883,0.030374633363775615,3.881008230819763,1.6012437015562626,0.6614816089456752,2A_TemporalOnly,stats_only,Neither
Black-throated Green Warbler,0.02456824832176258,6423,0.021950592812832653,0.025257430574682653,1.3001070850803909,1.5757666048520513,1.0349882713127052,2A_TemporalOnly,stats_only,Neither
Merlin,0.023233308470556734,6074,0.005542708218624968,0.027890929649333894,1.3174048891001229,1.2842792557841847,0.7969027505159518,2A_TemporalOnly,stats_only,Neither
Marsh Wren,0.022846979172643295,5973,0.011048709760305399,0.02595325418339784,2.915014333605006,2.1537542114937605,0.6749929776291699,2A_TemporalOnly,stats_only,Neither
Baltimore Oriole,0.022759003193910533,5950,0.01976654553463275,0.023546864203257807,0.9390203917781207,1.106971130421485,0.9782595816285536,2A_TemporalOnly,stats_only,Neither
Bufflehead,0.02243004953430107,5864,0.020665859119773887,0.022894529570087318,2.6362167667974576,3.6911585561972204,1.4369725512329925,2A_TemporalOnly,stats_only,Neither
Eastern Wood-Pewee,0.022265572704496337,5821,0.012847336930587674,0.024745227084933968,0.8690856181207813,1.5802546672131805,0.9771333914117548,2A_TemporalOnly,stats_only,Neither
Least Flycatcher,0.021355212576739915,5583,0.03672503028300848,0.01730861226679037,1.004582644645045,1.2665070277588624,0.595066729516858,2A_TemporalOnly,stats_only,Neither
Audubons Oriole,0.021026258917130454,5497,0.005506001541680431,0.025112467322866986,2.2589717946892436,2.337689849732721,0.5718215708596999,2A_TemporalOnly,stats_only,Neither
Orchard Oriole,0.02086943217243292,5456,0.021399992658664612,0.020729745009640057,1.2737487808809547,1.0040721729804858,1.1415193001011308,2A_TemporalOnly,stats_only,Neither
Northern Cardinal,0.6771052077954367,177019,0.7612597731527365,0.6549488038115671,0.24089501909342498,0.7263681995667679,0.02322508395558274,2B_TooCommon,stats_only,Both
Northern Mockingbird,0.6044332243196205,158020,0.5439745989795544,0.6203509077115618,0.32836686952491045,0.3976582966455891,0.104334578317367,2B_TooCommon,stats_only,Both
Black-crested Titmouse,0.5155354103314399,134779,0.47586535990896744,0.525979830779564,0.5606748386663122,1.0707179787168875,0.10025750650060297,2B_TooCommon,stats_only,Both
White-winged Dove,0.4699753284755293,122868,0.5615203905590427,0.44587313782622773,0.46246789033192076,0.8771209018431902,0.41105303425365275,2B_TooCommon,stats_only,Both
Long-billed Curlew,0.01966071872549582,5140,0.0016334471240318615,0.024406979497364086,2.7585900477470027,1.1243522216230244,0.7260777395894067,3_TooRare,skip,Neither
Mississippi Kite,0.019530667278673475,5106,0.008442535697243328,0.02244997559785261,1.1745743880783157,1.699615723444802,1.529335469375442,3_TooRare,skip,Neither
Double-crested/Neotropic Cormorant,0.019312639853118367,5049,0.016756598025180782,0.01998560031698631,2.188665625684451,1.5294745866343864,0.5164927419006718,3_TooRare,skip,Neither
Bank Swallow,0.018983686193508903,4963,0.0037073743713981573,0.023005668063145992,2.4394220910878786,1.9126442504196604,0.7824094834066869,3_TooRare,skip,Neither
Peregrine Falcon,0.018765658767953792,4906,0.0028447674632015563,0.022957346979207437,1.410506957763147,1.1249712757364734,0.7329571618704082,3_TooRare,skip,Neither
Yellow-breasted Chat,0.018157477001931648,4747,0.024483353522005653,0.01649198594822879,2.0226245559798923,1.4812143985106483,0.9749787141929024,3_TooRare,skip,Neither
Pyrrhuloxia,0.017989175129573317,4703,0.03380684946591785,0.013824662114820559,2.124348949093806,1.2365301862018627,0.08425494188513843,3_TooRare,skip,Neither
Eared Grebe,0.017939449576376536,4690,0.01163601659141798,0.019599031645477872,3.1604409012669765,2.8382599865372438,0.7991331659109552,3_TooRare,skip,Neither
Yellow-throated Warbler,0.017392468491211965,4547,0.0018353338472268106,0.021488386027475367,1.7223700754285143,1.4908743377735216,0.6844377670181956,3_TooRare,skip,Neither
Tennessee Warbler,0.016596859640063497,4339,0.006019895018903938,0.019381586767754373,1.1849701399164838,1.6520251295982658,1.2325423638597528,3_TooRare,skip,Neither
hummingbird sp.,0.01639795742727638,4287,0.016022464486290057,0.016496818056622647,0.9997000577882407,1.5096182530589919,0.23473495091961258,3_TooRare,skip,Neither
Least Bittern,0.015403446363340793,4027,0.0006790735234739199,0.019280112491483408,4.673956524829581,2.2413010266891895,0.7165684886507072,3_TooRare,skip,Neither
Vesper Sparrow,0.015342245682483218,4011,0.0477003266894248,0.006822937052123953,1.3205397537051926,1.7038914332005775,0.7902300638577479,3_TooRare,skip,Neither
Northern Parula,0.01505154244840974,3935,0.007231215358073633,0.017110495822642294,1.5402299508769544,1.4836203193892974,0.9987156322378385,3_TooRare,skip,Neither
Redhead,0.014695813490925087,3842,0.01725213816393202,0.014022778558968635,2.9258004333306555,2.163525517209216,0.6832980885619405,3_TooRare,skip,Neither
Western/Eastern Meadowlark,0.014141182320653317,3697,0.023290386521308225,0.011732359180281132,1.5831159027476516,1.4147697438626483,0.9311062697865509,3_TooRare,skip,Neither
Pectoral Sandpiper,0.01411058198022453,3689,0.016499651286569026,0.01348158241885682,3.1089535900382494,3.3080372319812863,1.170945475239045,3_TooRare,skip,Neither
Lesser Nighthawk,0.013590376192935147,3553,0.006056601695848475,0.015573885353396247,2.0086877507028413,1.1251000149004948,0.874847405152769,3_TooRare,skip,Neither
Forsters Tern,0.013548300724845565,3542,0.0073596887273795104,0.015177652465100097,4.096907005138932,2.483641708252163,0.428296291503314,3_TooRare,skip,Neither
Wilsons Phalarope,0.0134641497886664,3520,0.021913886135888117,0.011239484124107873,4.491069157053969,3.3323720227142855,0.9313016693521248,3_TooRare,skip,Neither
Common Nighthawk,0.013165796469485723,3442,0.00958044268252395,0.014109756510058033,1.450057163121078,1.031753449594496,1.1080200005823264,3_TooRare,skip,Neither
Western Meadowlark,0.012664715894964332,3311,0.01686671805601439,0.011558403278102335,2.3184505206507926,1.3626377932691658,0.9827181245491324,3_TooRare,skip,Neither
Rose-breasted Grosbeak,0.012450513511962821,3255,0.00416620783320486,0.014631624216594427,1.3139504642303288,1.7335148335654247,1.3008405970594918,3_TooRare,skip,Neither
Hermit Thrush,0.012423738214087631,3248,0.03321954263480527,0.006948571870364196,1.1767033537245293,1.861455886487647,0.8070394223696438,3_TooRare,skip,Neither
Western Sandpiper,0.012416088128980434,3246,0.01453584407003634,0.011857993998521376,4.1745919064590336,2.508178669968069,0.7255596754269806,3_TooRare,skip,Neither
Swamp Sparrow,0.012213360873639719,3193,0.009947509451969313,0.012809919352110906,2.0985602928343026,2.439580748747391,0.7942946441852619,3_TooRare,skip,Neither
Blue Grosbeak,0.011934132767227035,3120,0.019032411995742026,0.010065281784400987,1.6357653693936622,1.5270114042436553,0.9614445851563508,3_TooRare,skip,Neither
Franklins Gull,0.010836345554344292,2833,0.009598796020996218,0.011162170389806185,2.3827382099844168,2.5581815573839233,1.551881935461445,3_TooRare,skip,Neither
White-throated Sparrow,0.010733069405397136,2806,0.048507873582204604,0.0007876336681984451,1.0823649098437913,4.034824145742437,0.745771267959592,3_TooRare,skip,Neither
American Redstart,0.010492091724520435,2743,0.019454538780604193,0.008132438426858792,1.270219709158115,1.6192151541052178,1.0623661494672745,3_TooRare,skip,Neither
Magnolia Warbler,0.010258764128750932,2682,0.01684836471754212,0.008523839206761086,1.3768547831543905,1.6775993996570142,1.6789170584209858,3_TooRare,skip,Neither
Ring-billed Gull,0.009501405703138448,2484,0.031310795433689385,0.003759380330419572,3.137013718777044,2.7004946016953753,0.8218693529375833,3_TooRare,skip,Neither
Golden-crowned Kinglet,0.009237477766940156,2415,0.01947289211907646,0.006542674765280335,0.8999612617536851,2.148653708525891,1.0190871691192025,3_TooRare,skip,Neither
Eastern Kingbird,0.009218352554172166,2410,0.007157802004184561,0.009760858955588092,1.7934191294130568,0.9798051134350518,0.7010013338479677,3_TooRare,skip,Neither
Bullocks Oriole,0.009050050681813835,2366,0.015159857578093456,0.007441446926537456,1.282204666325954,1.6985402895536552,1.1649022480654547,3_TooRare,skip,Neither
Monk Parakeet,0.009000325128617056,2353,0.003964321110009911,0.010326215637669185,3.4129147578320076,4.390810551128527,0.17413112718567797,3_TooRare,skip,Neither
Red-eyed Vireo,0.00884732342647312,2313,0.011874609991557464,0.008050292584163248,1.3492512642480918,2.078991923917065,0.9542044174869594,3_TooRare,skip,Neither
Semipalmated Sandpiper,0.008613995830703616,2252,0.01249862349961458,0.007591242286746977,4.556745813327906,3.3688294946222452,0.8449599703989487,3_TooRare,skip,Neither
Swainsons Thrush,0.008568095320060436,2240,0.013122637007671696,0.0073689653006296235,1.6778313965637417,2.200023213283342,1.8845143688068564,3_TooRare,skip,Neither
Northern Bobwhite,0.008560445234953239,2238,0.010296222882942407,0.008103445776495658,2.0197590831698418,1.4081653412973858,0.9873937550465353,3_TooRare,skip,Neither
Chuck-wills-widow,0.008514544724310059,2226,0.0024960540322284622,0.010099106543157977,2.5366848060181697,1.666513771908332,1.593335921969152,3_TooRare,skip,Neither
Ash-throated Flycatcher,0.008491594468988468,2220,0.01376500385420108,0.007103199338967572,2.0213119364896617,1.6139540442620677,0.979573360778087,3_TooRare,skip,Neither
Spotted Towhee,0.00846099412855968,2212,0.038505304114818485,0.000550860356899526,1.2962684265251574,4.456450335405472,0.711463123868302,3_TooRare,skip,Neither
Song Sparrow,0.008376843192380514,2190,0.04013875123885035,1.4496325181566473e-05,0.8360439427168077,4.58257569495584,0.9316619560270333,3_TooRare,skip,Neither
Wood Duck,0.008216191405129383,2148,0.03004441507910289,0.002469207389260156,2.635997076886358,2.4933459196588497,0.1870363480477862,3_TooRare,skip,Neither
Rufous Hummingbird,0.008086139958307037,2114,0.010718349667804574,0.007393125842598901,1.8515815439833072,1.6851494868404158,0.6703493201138241,3_TooRare,skip,Neither
Clay-colored Sparrow,0.00786046244764473,2055,0.02218918621297214,0.004087963701201745,1.0618811019217231,1.6136972383351749,1.1074888857093448,3_TooRare,skip,Neither
American Crow,0.007822212022108746,2045,0.03753257717578828,0.0,1.3713863207432306,0.0,0.23709760015569778,3_TooRare,skip,Neither
Canvasback,0.007684510490179203,2009,0.013691590500312007,0.006102952901439485,2.5280000216364957,2.1814696782664984,0.7707279017043814,3_TooRare,skip,Neither
Chestnut-sided Warbler,0.007520033660374472,1966,0.00860771574349374,0.00723366626560167,1.4926239358021607,1.7378904409717748,1.7684450832422476,3_TooRare,skip,Neither
Common Raven,0.007363206915676937,1925,0.035330176559116105,0.0,1.1077957557820772,0.0,0.3699278568680336,3_TooRare,skip,Neither
hawk sp.,0.006961577447549104,1820,0.005762948280292185,0.00727715524114637,1.0091391017369635,2.508583580199141,0.12287123671447474,3_TooRare,skip,Neither
Wood Stork,0.006812400787958766,1781,0.0014499137393091804,0.008224248486342046,2.2348761666499564,1.5664792387821738,0.667734118577802,3_TooRare,skip,Neither
Pine Warbler,0.006670874213475625,1744,0.012388503468780971,0.0051655238730315195,1.7008925915434139,2.4793793508856554,1.4468860945209392,3_TooRare,skip,Neither
Winter Wren,0.0066479239581540344,1738,0.0042579745255662,0.00727715524114637,1.553562176634715,2.0453634242006484,1.022625928435064,3_TooRare,skip,Neither
Cliff/Cave Swallow,0.006498747298563696,1699,0.010131042836691995,0.005542428327752248,1.6155477525758488,1.2898972213892748,0.7789655531622738,3_TooRare,skip,Neither
Bairds Sandpiper,0.006475797043242106,1693,0.013599823807950667,0.004600167190950427,3.9923863641620057,3.271586824017909,0.9584418222621762,3_TooRare,skip,Neither
Sandhill Crane,0.006441371660259721,1684,0.004735161325845171,0.00689058656963793,3.6175796272370713,1.5598169544213083,0.8900727720774294,3_TooRare,skip,Neither
Barred Owl,0.006361045766634154,1663,0.030521601879381858,0.0,1.6025117669543656,0.0,0.4702785914489111,3_TooRare,skip,Neither
Northern Waterthrush,0.006208044064490217,1623,0.00658884851154425,0.006107785009833341,1.588676026108371,1.928571359527074,0.8832964183858784,3_TooRare,skip,Neither
Horned Lark,0.006185093809168627,1617,0.001890393862643615,0.007315812108297214,4.462028214925577,1.7792729994928507,0.3716934184015208,3_TooRare,skip,Neither
Zone-tailed Hawk,0.0060397421921318875,1579,0.003450427632786404,0.006721462775852988,1.407674015177344,1.4555890628499133,0.5136538162182533,3_TooRare,skip,Neither
Short-billed/Long-billed Dowitcher,0.0058982156176487464,1542,0.0015416804316705209,0.007045214038241306,3.3657028358804926,1.9233371705742104,0.6900980804744865,3_TooRare,skip,Neither
Blackburnian Warbler,0.005863790234666361,1533,0.005854714972653526,0.005866179590140566,1.463336319427736,1.5023427575433344,1.437099840967167,3_TooRare,skip,Neither
Louisiana Waterthrush,0.005844665021898368,1528,0.0030833608633410417,0.006571667415643467,1.6056392948668874,2.5262471189785285,0.8157214665112406,3_TooRare,skip,Neither
Snow Goose,0.005741388872951211,1501,0.003303600925008259,0.006383215188283104,2.2222303863148736,2.5775612406644846,1.0853792237594264,3_TooRare,skip,Neither
blackbird sp.,0.005706963489968826,1492,0.004202914510149396,0.006102952901439485,2.3804982623466766,1.6384402547281984,0.907511679386545,3_TooRare,skip,Neither
Olive-sided Flycatcher,0.005657237936772047,1479,0.0037073743713981573,0.006170602418953462,1.2084058113909306,1.4160058229741512,0.6812180880416197,3_TooRare,skip,Neither
Yellow-headed Blackbird,0.005511886319735307,1441,0.0035972543405645486,0.006015974950350086,2.136877451085293,1.542842438000012,0.4732675778627629,3_TooRare,skip,Neither
Ovenbird,0.005488936064413716,1435,0.004313034540983005,0.005798530072626589,1.605296904216025,2.2717134498177307,0.879551355280021,3_TooRare,skip,Neither
peep sp.,0.005381834872912961,1407,0.005469294864735895,0.005358808208785739,2.491737014389613,2.5081220910444832,0.38455122932578434,3_TooRare,skip,Neither
Field Sparrow,0.005316809149501788,1390,0.025180780383951842,8.697795108939884e-05,0.9159145642197267,3.3684783904806075,0.7165411076057352,3_TooRare,skip,Neither
duck sp.,0.005213533000554631,1363,0.006643908526961054,0.004836940502249347,1.2293695977784243,1.393255151062932,0.4522620503954876,3_TooRare,skip,Neither
American Golden-Plover,0.005079656511178687,1328,0.006111661711265279,0.004807947851886213,3.0467910585784415,3.985492295178882,1.9060232418938345,3_TooRare,skip,Neither
Sharp-shinned/Coopers Hawk,0.0050490561707499,1320,0.0027530007708402157,0.005653566820810924,1.3347645597131739,1.4139400174457453,0.5677705402955928,3_TooRare,skip,Neither
Empidonax sp.,0.0050375810430891045,1317,0.007690048819880336,0.004339233337682231,1.1334303213142374,1.4820168808525827,0.6942472780449288,3_TooRare,skip,Neither
new world sparrow sp.,0.005006980702660317,1309,0.01114047645266674,0.0033921400924865545,1.0748863594910811,2.08412048247315,0.3279587055488907,3_TooRare,skip,Neither
Golden-cheeked Warbler,0.004945780021802742,1293,0.02363909995228132,2.4160541969277456e-05,2.52125803233538,3.7077356477378243,1.2898126624888662,3_TooRare,skip,Neither
Yellow-bellied Flycatcher,0.004831028745194791,1263,0.00581800829570899,0.0045711745405872944,1.5899213468583675,1.924818784943125,0.8066747399950148,3_TooRare,skip,Neither
Cactus Wren,0.004796603362212405,1254,0.0006240135080571156,0.005895172240503699,4.795831523312722,2.6829497177263053,0.14548659788377852,3_TooRare,skip,Neither
Warbling Vireo,0.004693327213265247,1227,0.005193994787651874,0.004561510323799584,1.2437720852644525,1.7586863702586801,1.1558986509835152,3_TooRare,skip,Neither
Eastern Bluebird,0.004658901830282862,1218,0.018078038395184085,0.0011258812557683295,1.517529973969073,1.7383104977246775,0.19595473137841218,3_TooRare,skip,Neither
Upland Sandpiper,0.004655076787729263,1217,0.004147854494732592,0.004788619418310791,2.8901475816907456,2.896826768950114,1.1218303236496234,3_TooRare,skip,Neither
Greater White-fronted Goose,0.00463977661751487,1213,0.005487648203208163,0.004416547071983919,2.450166244710364,1.7917392034085382,0.874437752655531,3_TooRare,skip,Neither
Limpkin,0.004559450723889303,1192,0.003321954263480527,0.004885261586187901,3.2780638066027814,4.5676437153934755,0.8926642442773343,3_TooRare,skip,Neither
new world warbler sp.,0.004429399277066958,1158,0.0073963954043240465,0.003648241837360896,1.2128531563221712,1.3295200537736385,0.7580350340043562,3_TooRare,skip,Neither
Black-throated Gray Warbler,0.004429399277066958,1158,0.0006240135080571156,0.005431289834693572,2.2749853932183624,2.068416098379302,1.089775424974396,3_TooRare,skip,Neither
cormorant sp.,0.004295522787691013,1123,0.003909261094593107,0.004397218638408497,1.6801670721556945,1.5396250706906678,0.6730534360134213,3_TooRare,skip,Neither
Buteo sp.,0.004276397574923021,1118,0.001908747201115883,0.004899757911369468,1.739089820348128,1.614774298855034,0.3867881262504932,3_TooRare,skip,Neither
Hooded Warbler,0.0042725725323694225,1117,0.002404287339867122,0.004764458876341514,2.2139070777606866,1.7407577963068332,1.0324995044198624,3_TooRare,skip,Neither
new world oriole sp.,0.004000994511063936,1046,0.0030650075248687737,0.004247423278198976,1.849943410419273,1.674679697026366,0.47741987880648984,3_TooRare,skip,Neither
Mute Swan,0.003920668617438369,1025,0.01861028521087986,5.31531923324104e-05,3.6696735092349337,4.395377978140054,0.7487064039721504,3_TooRare,skip,Neither
Lesser/Greater Yellowlegs,0.0038479928089199993,1006,0.001890393862643615,0.004363393879651508,2.840497263660344,2.1340487183620036,0.39696594112893263,3_TooRare,skip,Neither
Mourning Warbler,0.003782967085508826,989,0.007763462173769409,0.002734973350922208,1.5365434756724807,1.6891409127410761,0.8594410385976381,3_TooRare,skip,Neither
Hooded Merganser,0.003752366745080039,981,0.014095363946701906,0.0010292390878912196,2.6567548911974,2.3555921686696077,1.1640120385596007,3_TooRare,skip,Neither
Virginia Rail,0.0036988161493296612,967,0.0008075468927797966,0.004460036047528618,4.4485675050697,2.660286744134429,0.6810357376613102,3_TooRare,skip,Neither
Says Phoebe,0.003668215808900874,959,0.006698968542377858,0.0028702723859501617,2.098669724171895,1.6610470981728052,0.9511247372204547,3_TooRare,skip,Neither
Bay-breasted Warbler,0.003564939659953717,932,0.004771868002789707,0.0032471768406708897,1.7126593510794286,1.7045557811620327,1.5543412143355722,3_TooRare,skip,Neither
Canada Warbler,0.003545814447185725,927,0.004331387879455273,0.0033389869001541443,2.132982404670058,1.4391881706804521,0.6870201865364646,3_TooRare,skip,Neither
Acadian Flycatcher,0.003538164362078528,925,0.0022941673090335134,0.003865686715084393,1.7655703337555024,2.220596363451787,1.0431029113614367,3_TooRare,skip,Neither
Green-tailed Towhee,0.0034654885535601583,906,0.008185588958631576,0.002222769861173526,2.617415951989407,3.178005244229076,0.9139521424731972,3_TooRare,skip,Neither
Yellow-throated Vireo,0.0034540134258993632,903,0.004313034540983005,0.0032278484070954678,1.8456690059677778,2.4521417869809436,0.917639991155179,3_TooRare,skip,Neither
Grasshopper Sparrow,0.003404287872702584,890,0.007451455419740851,0.0023387404626260574,1.973336086841722,1.5935248827840067,0.6501335817864583,3_TooRare,skip,Neither
Huttons Vireo,0.003377512574827395,883,0.016205997871012737,0.0,2.1358859108570187,0.0,0.6100570378113462,3_TooRare,skip,Neither
passerine sp.,0.0033507372769522063,876,0.010149396175164263,0.0015607710112153237,1.1903374763320749,1.372507009150946,0.317878164961555,3_TooRare,skip,Neither
Cassins Sparrow,0.0032321609577906554,845,0.007818522189186213,0.0020246534170254506,1.4218322251705,1.7403021688242137,0.6291888182690196,3_TooRare,skip,Neither
Glossy/White-faced Ibis,0.003224510872683459,843,0.001046140292919282,0.003798037197570416,3.391207825058072,2.495308862961205,0.5217190560998839,3_TooRare,skip,Neither
Bronzed/Brown-headed Cowbird,0.0032130357450226633,840,0.0011929670006974268,0.0037448840052380053,1.6065341881865123,1.4476952307567312,0.5103778501509405,3_TooRare,skip,Neither
Bells Vireo,0.0032053856599154667,838,0.012241676761002827,0.0008262905353492889,1.194930468581092,1.603439987081822,0.7855154513981886,3_TooRare,skip,Neither
Common Grackle,0.0030829842982003173,806,0.014590904085453145,5.31531923324104e-05,0.8119722137899315,3.846791753341103,0.44624564954706525,3_TooRare,skip,Neither
Red-breasted Nuthatch,0.0030485589152179316,797,0.005267408141540946,0.0024643752808663003,3.21921429266916,4.582575694955842,1.0382061939878648,3_TooRare,skip,Neither
Lark Bunting,0.003040908830110735,795,0.00416620783320486,0.002744637567709919,2.5203626688893346,1.5244978855055067,0.9414424531355903,3_TooRare,skip,Neither
shorebird sp.,0.0029146824258419876,762,0.0006607201850016518,0.0035081106939390864,2.3253656638793485,1.7570527908465667,0.49708915043055907,3_TooRare,skip,Neither
Wood Thrush,0.002853481744984413,746,0.0009176669236134053,0.0033631474421234216,2.4551313490917615,3.518353179699892,1.2434714252426617,3_TooRare,skip,Neither
White-rumped Sandpiper,0.0026622296173044926,696,0.0050655214183459975,0.0020294855254193063,3.4186016026359525,3.5601779975603156,1.2694954187396432,3_TooRare,skip,Neither
Rufous/Allens Hummingbird,0.0026239791917685084,686,0.002239107293616709,0.002725309134134497,2.402768902386155,2.5947736596079984,0.8687106112406416,3_TooRare,skip,Neither
Rufous-crowned Sparrow,0.0025513033832501386,667,0.012241676761002827,0.0,1.9850856477162209,0.0,0.9932965278068485,3_TooRare,skip,Neither
pigeon/dove sp.,0.0024939277449461624,652,0.0019638072165326873,0.0026334990746512427,1.4367741705354624,1.5176106919535974,0.1493429104240047,3_TooRare,skip,Neither
Domestic goose sp. (Domestic type),0.002413601851320596,631,0.004111147817788056,0.0019666681162991847,1.863110817597453,2.9401788234248176,0.29454900491399705,3_TooRare,skip,Neither
Woodhouses Scrub-Jay,0.002375351425784612,621,0.011397423191278493,0.0,1.9616656669784927,0.0,0.6013526706831084,3_TooRare,skip,Neither
Northern Flicker,0.002375351425784612,621,0.01084682303711045,0.00014496325181566472,1.691880754532244,3.478927920131496,0.9526486535159114,3_TooRare,skip,Neither
Black-headed Grosbeak,0.0023409260428022263,612,0.00023859340013948537,0.002894432927919439,2.652221663337569,2.567198670543441,0.7250589448913229,3_TooRare,skip,Neither
American Barn Owl,0.002329450915141431,609,0.00023859340013948537,0.0028799366027378727,3.2259955807820138,1.2153939121703898,0.46899730049323557,3_TooRare,skip,Neither
Sedge Wren,0.002252950064069463,589,0.0008442535697243328,0.0026238348578635317,2.6852051692231704,2.5666919308409777,0.8271437251846547,3_TooRare,skip,Neither
white egret sp.,0.002237649893855069,585,0.0028814741401460924,0.0020681423925701502,1.6632694721472563,2.610488404724816,0.5518032817005694,3_TooRare,skip,Neither
Scarlet Tanager,0.002226174766194274,582,0.000697426861946188,0.002628666966257387,2.174643308471925,2.1666384062257165,1.917100703992727,3_TooRare,skip,Neither
Golden-winged Warbler,0.002184099298104691,571,0.002257460632088977,0.00216478456044726,3.2132594860852937,2.0279078126732717,1.9466272683454033,3_TooRare,skip,Neither
Alder Flycatcher,0.002161149042783101,565,0.0021289872627831,0.0021696166688411154,1.697450594952468,1.8794140399387085,1.1711264934913739,3_TooRare,skip,Neither
Swallow-tailed Kite,0.002134373744907912,558,1.8353338472268105e-05,0.0026914843753775087,4.795831523312719,1.9345971685137746,1.6140915084867005,3_TooRare,skip,Neither
Semipalmated Plover,0.0021305487023543135,557,0.003909261094593107,0.0016622452874862888,4.32182569551546,3.5022715109274754,0.6809797826660061,3_TooRare,skip,Neither
wren sp.,0.0021075984470327234,551,0.0017068604779209339,0.002213105644385815,1.623527888178126,1.493408129559309,0.5468754941031387,3_TooRare,skip,Neither
Graylag Goose,0.002084648191711133,545,0.00523070146459641,0.0012563481824024276,3.1993057391288073,2.748154961935275,0.16011129908226673,3_TooRare,skip,Neither
Myiarchus sp.,0.0020157974257463615,527,0.0020005138934772234,0.0020198213086315953,2.088240997749587,2.4839537546764694,0.9276549203881672,3_TooRare,skip,Neither
Blue-winged Warbler,0.0019163463193528029,501,0.0010094336159747457,0.002155120343659549,2.853299109984805,1.9446427523508774,1.7882776606796447,3_TooRare,skip,Neither
Bonapartes Gull,0.001901046149138409,497,0.003854201079176302,0.001386815109036526,4.0050118137572355,2.80155692997238,1.8402725720043662,3_TooRare,skip,Neither
nighthawk sp.,0.0018742708512632202,490,0.0014499137393091804,0.0019859965498746066,1.542396286230735,1.7619356308708989,0.8983921483721933,3_TooRare,skip,Neither
Rosss Goose,0.0018283703406200395,478,0.0031934808941746504,0.0014689609517320693,3.740586790216108,3.2576177907912593,0.8097395930261834,3_TooRare,skip,Neither
Swan Goose,0.0018207202555128425,476,0.006992621957934148,0.00045905029741627164,2.7549161491386496,3.2082550260339064,0.4042065944284857,3_TooRare,skip,Neither
American Bittern,0.0017518694895480712,458,0.0014315604008369122,0.0018362011896650866,3.102814855820444,1.9829471116356852,1.3930971590576273,3_TooRare,skip,Neither
Muscovy Duck x Mallard (hybrid),0.0017442194044408744,456,0.00022024006166721728,0.002145456126871838,2.4221929188613807,2.7458838110383543,0.4907267229589307,3_TooRare,skip,Neither
yellow-bellied kingbird sp.,0.001713619064012087,448,0.0016334471240318615,0.0017347269133941212,1.5334551752565284,2.2517474778875752,1.041933688804324,3_TooRare,skip,Neither
Greater Scaup,0.0017059689789048903,446,0.0023492273244503175,0.0015366104692460462,3.2152055038875487,3.4485943065419282,0.9962002592042885,3_TooRare,skip,Neither
Northern Cardinal/Pyrrhuloxia,0.001694493851244095,443,0.0016518004625041295,0.0017057342630309882,1.5281354016708772,1.9091996067086094,0.5377159540662712,3_TooRare,skip,Neither
Cerulean Warbler,0.0016791936810297014,439,0.00023859340013948537,0.0020584781757824393,2.6846989611206484,2.8831246555593117,1.764545878117282,3_TooRare,skip,Neither
Least Tern,0.0016638935108153079,435,0.0007341335388907242,0.001908682815572919,4.040617639702157,2.351484924218518,1.2495640013995772,3_TooRare,skip,Neither
Spragues Pipit,0.0016524183831545126,432,0.0007524868773629923,0.001889354381997497,3.4296665364294396,2.0106131152783764,1.2518421106696596,3_TooRare,skip,Neither
Western Tanager,0.0016524183831545126,432,0.0006240135080571156,0.0019231791407544854,3.4605993041510525,1.494837424579752,1.0861445762707096,3_TooRare,skip,Neither
Alder/Willow Flycatcher (Traills Flycatcher),0.0016447682980473158,430,0.002459347355283926,0.0014303040845812254,1.981248066407967,2.35224858091639,0.7117664716067126,3_TooRare,skip,Neither
Black-throated Sparrow,0.0016409432554937173,429,0.0005506001541680432,0.001928011249148341,4.598628391153466,2.007423394433191,0.44748003791429464,3_TooRare,skip,Neither
Hudsonian Godwit,0.0014458660852601985,378,0.0020005138934772234,0.001299837157947127,4.634616989465993,3.4808693596189393,2.0,3_TooRare,skip,Neither
new world flycatcher sp.,0.0013808403618490255,361,0.002055573908894028,0.0012031949900700172,1.158573354389065,1.694370720352554,0.6402833618306915,3_TooRare,skip,Neither
Black-capped Vireo,0.0013119895958842542,343,0.0030650075248687737,0.0008504510773185664,4.050208515229038,2.9863144307428118,1.1221055391958479,3_TooRare,skip,Neither
Snowy Plover,0.0013119895958842542,343,0.0007157802004184561,0.0014689609517320693,4.362320541038648,3.282662105086272,0.9398420683907549,3_TooRare,skip,Neither
gull sp.,0.0013043395107770574,341,0.0031017142018133098,0.0008311226437431444,3.552315185677915,2.6441949449885644,0.3893054811932106,3_TooRare,skip,Neither
diurnal raptor sp.,0.001300514468223459,340,0.001027786954447014,0.0013723187838549594,1.3380998854903328,1.8887728126537426,0.21301674205217214,3_TooRare,skip,Neither
Philadelphia Vireo,0.0012775642129018686,334,0.0012663803545864994,0.001280508724371705,2.251758543581504,1.8980547160581476,1.2644731989227718,3_TooRare,skip,Neither
new world vulture sp.,0.00127373917034827,333,0.00242264067833939,0.0009712537871649537,1.160771896113124,2.3754917710896137,0.216719941058774,3_TooRare,skip,Neither
Worm-eating Warbler,0.001254613957580278,328,0.0004037734463898983,0.0014786251685197803,3.3146043035535686,3.0998304280193816,1.6159164786206361,3_TooRare,skip,Neither
Pine Siskin,0.001216363532044294,318,0.002918180817090629,0.0007683052346230231,0.9665813980369242,1.9743325599280668,1.0153646682968542,3_TooRare,skip,Neither
Brewers Blackbird,0.0011895882341691052,311,0.0018169805087545426,0.0010244069794973641,1.856792749352052,4.272814142600329,0.854768185807487,3_TooRare,skip,Neither
Burrowing Owl,0.0011742880639547114,307,0.0006240135080571156,0.001319165591522549,4.085140863057545,2.3478289272068302,1.0391065845917276,3_TooRare,skip,Neither
Harriss Sparrow,0.0011551628511867194,302,0.005542708218624968,0.0,1.842188118815448,0.0,1.1542664959560662,3_TooRare,skip,Neither
Yellow-crowned/Black-crowned Night Heron,0.0011475127660795226,300,0.0009543736005579415,0.0011983628816761617,3.239700601573232,2.301962788545669,0.5275586942645129,3_TooRare,skip,Neither
Black Tern,0.0011398626809723258,298,0.0028631208016738244,0.0006861593919274797,3.314863653993339,3.5382444843055363,1.5173871399346288,3_TooRare,skip,Neither
Lazuli Bunting,0.0011398626809723258,298,0.0004221267848621664,0.00132882980831026,1.5314741615715997,3.8447319289246296,1.7803144098970387,3_TooRare,skip,Neither
Kentucky Warbler,0.0011283875533115305,295,0.0003854201079176302,0.0013239976999164045,2.0678461380812143,2.1705034734308546,1.4110889486514218,3_TooRare,skip,Neither
Gray-cheeked Thrush,0.001113087383097137,291,0.001211320339169695,0.0010872243886174855,2.640557667442688,2.896400961714935,1.7306570196554947,3_TooRare,skip,Neither
Blue-winged/Cinnamon Teal,0.0011092623405435386,290,0.00020188672319494916,0.001348158241885682,2.34305918430203,1.5829470620687989,0.6415253984320142,3_TooRare,skip,Neither
Canyon Wren,0.001086312085221948,284,0.005212348126124142,0.0,2.1673525917554706,0.0,0.5906778738532117,3_TooRare,skip,Neither
Annas Hummingbird,0.0010710119150075545,280,0.002606174063062071,0.0006668309583520577,3.1474665835538675,3.7885296768000543,1.8971556225854376,3_TooRare,skip,Neither
small falcon sp.,0.0010595367873467592,277,0.0004037734463898983,0.0012321876404331501,1.9183095999035635,2.0050175813597773,0.8643815174684921,3_TooRare,skip,Neither
Black Skimmer,0.0010595367873467592,277,0.00020188672319494916,0.0012853408327655606,4.795831523312716,2.8840879220849174,0.5283614142708782,3_TooRare,skip,Neither
Buff-breasted Sandpiper,0.0010404115745787671,272,0.00012847336930587675,0.001280508724371705,4.795831523312721,4.113489354965225,1.1084277441052728,3_TooRare,skip,Neither
dabbling duck sp.,0.0010365865320251689,271,0.0013030870315310355,0.0009664216787710982,2.1036634057375503,2.3458920432104318,0.589542984203664,3_TooRare,skip,Neither
Canada Goose,0.0009983361064891847,261,0.004625041295011563,4.348897554469942e-05,3.4167834691289816,4.060214574794051,0.38340695152575377,3_TooRare,skip,Neither
woodpecker sp.,0.000990686021381988,259,0.002055573908894028,0.0007103199338967572,1.1043194696349208,1.783996188978322,0.3813442898737277,3_TooRare,skip,Neither
Mallard/Mottled Duck,0.0009792108937211926,256,1.8353338472268105e-05,0.0012321876404331501,4.795831523312723,2.682383873067699,0.7073194220419158,3_TooRare,skip,Neither
Willow Flycatcher,0.0009715608086139959,254,0.002110633924310832,0.0006716630667459132,1.7419687817301552,1.6840756023259664,0.8067719656125537,3_TooRare,skip,Neither
tern sp.,0.0009600856809532006,251,0.0005506001541680432,0.0010678959550420636,4.064011188032108,1.7193833461355406,0.257464666398009,3_TooRare,skip,Neither
Purple Gallinule,0.0009409604681852086,246,1.8353338472268105e-05,0.0011838665564945952,4.795831523312717,2.7497632233753335,0.9033560772855355,3_TooRare,skip,Neither
Greater/Lesser Scaup,0.0009294853405244133,243,0.0011379069852806224,0.0008746116192878438,3.2287398865117463,2.4105484958122068,0.7278726198808211,3_TooRare,skip,Neither
Eastern Whip-poor-will,0.0009065350852028229,237,0.000348713430973094,0.001053399629860497,2.5137992624904126,2.3838340709057873,1.596126217025198,3_TooRare,skip,Neither
Reddish Egret,0.0008874098724348308,232,0.0011746136622251587,0.0008117942101677224,4.218056328786906,4.232647061857119,0.8518250347973165,3_TooRare,skip,Neither
Veery,0.0008759347447740356,229,0.00106449363139155,0.0008262905353492889,3.3319478719165727,2.822086211933239,1.9731352410422796,3_TooRare,skip,Neither
falcon sp.,0.0008721097022204372,228,0.000532246815695775,0.0009615895703772427,1.7243126053197309,3.4255168060326886,0.6924012842097841,3_TooRare,skip,Neither
vireo sp.,0.0008529844894524451,223,0.0009176669236134053,0.0008359547521369999,1.7591482453915241,1.6769328658238472,0.3524805599949354,3_TooRare,skip,Neither
grebe sp.,0.0008032589362556658,210,0.0002936534155562897,0.0009374290284079653,4.795831523312717,2.1083955576986058,0.7184141446356306,3_TooRare,skip,Neither
Dunlin,0.0007803086809340754,204,9.176669236134053e-05,0.0009615895703772427,4.79583152331272,2.3623224949485686,1.7606277609079395,3_TooRare,skip,Neither
MacGillivrays Warbler,0.0007611834681660834,199,0.0015049737547259846,0.0005653566820810925,1.740875060814074,2.4868169385695977,1.1197356373349778,3_TooRare,skip,Neither
Toxostoma sp.,0.0007267580851836976,190,0.000532246815695775,0.0007779694514107341,1.9556457624484875,2.5081660347737524,0.19782123551474254,3_TooRare,skip,Neither
Flame-colored Tanager,0.0007267580851836976,190,1.8353338472268105e-05,0.0009132684864386878,4.795831523312721,4.582575694955842,1.986364282637282,3_TooRare,skip,Neither
Rusty Blackbird,0.0006885076596477136,180,0.003303600925008259,0.0,4.358701400872404,0.0,1.1316320320300732,3_TooRare,skip,Neither
Passerina sp.,0.0006846826170941152,179,0.0008442535697243328,0.0006426704163827803,2.1353312052654685,1.7625837581851074,0.8049277445767057,3_TooRare,skip,Neither
Orchard/Hooded Oriole,0.0006693824468797215,175,1.8353338472268105e-05,0.0008407868605308554,4.795831523312719,1.6908841444632454,1.1533420984810645,3_TooRare,skip,Neither
teal sp.,0.0006655574043261231,174,0.00045883346180670265,0.0007199841506844682,2.117459230364394,3.4999660977771265,1.469884430019817,3_TooRare,skip,Neither
Bald Eagle,0.0006426071490045327,168,0.0024960540322284622,0.0001546274686033757,2.1915281601945145,3.079844810227864,0.9250935829353829,3_TooRare,skip,Neither
Tufted/Black-crested Titmouse,0.0006349570638973359,166,0.0030466541863965056,0.0,1.0719911639484285,0.0,0.5284656742694662,3_TooRare,skip,Neither
Downy/Ladder-backed Woodpecker,0.0006349570638973359,166,0.0030466541863965056,0.0,2.1977525060204943,0.0,0.20027742597984508,3_TooRare,skip,Neither
Dark-eyed Junco,0.000627306978790139,164,0.002991594170979701,4.832108393855491e-06,1.437354764705438,4.582575694955841,0.9220943268667874,3_TooRare,skip,Neither
ground dove/Inca Dove,0.0005928815958077534,155,5.506001541680432e-05,0.0007344804758660346,3.6057487598709685,2.283878453656896,0.19895316783772507,3_TooRare,skip,Neither
grackle sp.,0.0005775814255933597,151,0.0009360202620856733,0.0004832108393855491,1.3994624232137955,1.854071433418107,0.07243220211774365,3_TooRare,skip,Neither
bird sp.,0.0005737563830397613,150,0.0008075468927797966,0.0005122034897486821,1.2875463745606934,1.580602837604059,0.6261534357519147,3_TooRare,skip,Neither
Blue-winged x Cinnamon Teal (hybrid),0.0005546311702717693,145,1.8353338472268105e-05,0.0006958236087151907,4.795831523312717,2.859175624059645,1.312043513626114,3_TooRare,skip,Neither
Red-breasted Merganser,0.0005393310000573756,141,0.002073927247366296,0.00013529903502795376,3.3165564033415054,3.364245819916436,1.0654119216438946,3_TooRare,skip,Neither
heron sp.,0.0005316809149501789,139,0.0007891935543075286,0.00046388240581012713,3.5273230651119234,1.9421838961438813,0.6136094007691173,3_TooRare,skip,Neither
Broad-tailed Hummingbird,0.0005278558723965805,138,0.0011379069852806224,0.0003672402379330173,2.308692254938038,4.582575694955842,1.4891548314183924,3_TooRare,skip,Neither
Rock Wren,0.0005010805745213915,131,0.0014682670777814485,0.00024643752808663005,2.3953555654862337,2.752179655849684,0.4503836410419143,3_TooRare,skip,Neither
Black-billed Cuckoo,0.0005010805745213915,131,0.0006240135080571156,0.00046871451420398263,3.2243139530543834,3.6356980814653412,1.500601256443035,3_TooRare,skip,Neither
Indian Peafowl,0.0004972555319677931,130,0.0005873068311125794,0.0004735466225978381,3.1692020718985106,3.97066561125709,0.7112297984297274,3_TooRare,skip,Neither
Short-billed Dowitcher,0.00046665519153900586,122,0.0004221267848621664,0.0004783787309916936,4.795831523312723,2.663250786496811,0.8716123019049528,3_TooRare,skip,Neither
Western/Semipalmated Sandpiper,0.00045900510643180907,120,0.0006240135080571156,0.0004155613218715722,4.795831523312719,2.4257742375686755,0.7981939245638826,3_TooRare,skip,Neither
Brown Pelican,0.0004551800638782106,119,0.0014682670777814485,0.00018845222736036416,4.163046503372756,3.6997511246212125,1.302711080329508,3_TooRare,skip,Neither
whistling-duck sp.,0.0004551800638782106,119,0.00023859340013948537,0.0005122034897486821,2.1432136287867016,1.5858560658536438,0.6608513524583208,3_TooRare,skip,Neither
Glossy Ibis,0.00044752997877101384,117,3.670667694453621e-05,0.0005556924652933815,4.795831523312717,3.2869001041431636,1.634146941412227,3_TooRare,skip,Neither
Townsends Warbler,0.0004437049362174154,116,0.00014682670777814484,0.000521867706536393,4.79583152331272,4.582575694955841,1.5235417752048392,3_TooRare,skip,Neither
Calidris sp.,0.000439879893663817,115,0.000348713430973094,0.00046388240581012713,2.630763984947022,2.613920754214044,0.5704430416977645,3_TooRare,skip,Neither
new world goldfinch sp.,0.00042840476600302177,112,0.0003120067540285578,0.00045905029741627164,2.972496937334431,3.3166986090733195,0.4542529795763142,3_TooRare,skip,Neither
Brown Creeper,0.000420754680895825,110,0.0018169805087545426,5.31531923324104e-05,2.3935518353118836,3.928523720922505,1.0548422977190974,3_TooRare,skip,Neither
Brown Thrasher,0.0004054545106814313,106,0.0016518004625041295,7.731373430168785e-05,1.8388180689085907,4.506488504594158,0.8088678113114762,3_TooRare,skip,Neither
Accipitrine hawk sp. (former Accipiter sp.),0.0003939793830206361,103,0.0013581470469478398,0.00014013114342180925,1.5947646866133853,4.001203245980022,0.5013853838535143,3_TooRare,skip,Neither
Black-bellied Plover,0.0003939793830206361,103,0.001046140292919282,0.00022227698611735258,3.533543018483052,2.536955942707721,1.0840945641965058,3_TooRare,skip,Neither
White-winged Scoter,0.0003863292979134393,101,0.0018536871856990786,0.0,4.795831523312719,0.0,1.63847032877187,3_TooRare,skip,Neither
Blue Bunting,0.0003825042553598409,100,0.00014682670777814484,0.00044455397223470516,4.795831523312718,4.229014338591304,1.8590024891092185,3_TooRare,skip,Neither
Black-throated Blue Warbler,0.00037867921280624245,99,0.001560033770142789,6.764951751397688e-05,4.795831523312719,3.4483232651586784,1.9287717278333618,3_TooRare,skip,Neither
goose sp.,0.00037102912769904566,97,0.0002569467386117535,0.0004010649966900058,2.5967478791553873,2.0639835849180104,0.6261906335171573,3_TooRare,skip,Neither
Scotts Oriole,0.00036720408514544727,96,0.0016885071394486656,1.9328433575421963e-05,2.4756214762208266,4.582575694955838,1.1292632851310067,3_TooRare,skip,Neither
Ferruginous Hawk,0.00035572895748465204,93,0.0015967404470873252,2.8992650363132946e-05,3.2944737607768886,3.983760360038956,1.7229095674429973,3_TooRare,skip,Neither
Prothonotary Warbler,0.00033660374471665996,88,0.0008075468927797966,0.0002126127693296416,2.573306114702682,2.112036861783305,0.8485790656262641,3_TooRare,skip,Neither
American Woodcock,0.00033660374471665996,88,0.00044048012333443455,0.0003092549372067514,1.7450890580057166,3.160834532940159,1.862088418472776,3_TooRare,skip,Neither
Palm Warbler,0.00033660374471665996,88,0.00011012003083360864,0.0003962328882961503,4.1500629323570655,2.8972407188583795,0.7504116715119202,3_TooRare,skip,Neither
Surf Scoter,0.00033277870216306157,87,0.0015967404470873252,0.0,3.2768201661503618,0.0,1.6855197647071558,3_TooRare,skip,Neither
Bullocks/Baltimore Oriole,0.00032130357450226634,84,0.0006240135080571156,0.00024160541969277455,2.11578654119778,2.4855786853587216,1.0485878192423481,3_TooRare,skip,Neither
owl sp.,0.0002983533191806759,78,0.0005506001541680432,0.00023194120290506357,3.289187873422705,3.9661643628091325,0.41016812232089467,3_TooRare,skip,Neither
Tufted x Black-crested Titmouse (hybrid),0.0002907032340734791,76,0.001394853723892376,0.0,1.3741929774369823,0.0,0.27921858040411757,3_TooRare,skip,Neither
Short-eared Owl,0.0002907032340734791,76,0.0008075468927797966,0.0001546274686033757,4.083031312426926,4.277315373056056,1.3030569101236102,3_TooRare,skip,Neither
Yellow-bellied/Red-naped Sapsucker,0.00028687819151988064,75,0.00014682670777814484,0.0003237512623883179,2.930991075596465,2.948907393791404,1.540284289190181,3_TooRare,skip,Neither
Catharus sp.,0.00028305314896628225,74,0.0003854201079176302,0.00025610174487434103,2.1900598083810854,2.60908620955761,0.711187506346249,3_TooRare,skip,Neither
Budgerigar,0.000271578021305487,71,0.00023859340013948537,0.0002802622868436185,2.4846391157890775,2.858291687420789,0.9310514203430841,3_TooRare,skip,Neither
Broad-billed Hummingbird,0.000271578021305487,71,0.00014682670777814484,0.0003044228288128959,3.1511598973638186,3.7422148079627386,1.6255004263866009,3_TooRare,skip,Neither
Allens Hummingbird,0.0002677529787518886,70,0.0012847336930587674,0.0,3.561925305744266,0.0,1.9225596798239872,3_TooRare,skip,Neither
Sage Thrasher,0.0002601028936446918,68,0.001211320339169695,9.664216787710981e-06,2.2027710507329217,4.58257569495584,0.9804478092823318,3_TooRare,skip,Neither
Red-naped Sapsucker,0.0002601028936446918,68,0.0007341335388907242,0.00013529903502795376,4.762398459027335,4.5825756949558425,1.226011394204244,3_TooRare,skip,Neither
Spizella sp.,0.0002562778510910934,67,0.0007341335388907242,0.00013046692663409826,2.119639840949771,2.8513313770024857,1.3142130540244328,3_TooRare,skip,Neither
Scaly-breasted Munia,0.00024862776598389655,65,0.0011929670006974268,0.0,4.741672008429592,0.0,2.0,3_TooRare,skip,Neither
Common Loon,0.00023332759576950293,61,0.0011195536468083544,0.0,4.7958315233127164,0.0,1.0413378761684955,3_TooRare,skip,Neither
Pacific Loon,0.00022950255321590454,60,0.0011012003083360864,0.0,4.795831523312717,0.0,1.4290923087942795,3_TooRare,skip,Neither
Aythya sp.,0.00022950255321590454,60,0.0007341335388907242,9.664216787710982e-05,2.3618219238911706,2.834063391816051,0.6865607033438003,3_TooRare,skip,Neither
Brown/Long-billed Thrasher,0.00021420238300151088,56,0.0008809602466688691,3.8656867150843926e-05,1.9442650839155056,4.131979734237082,0.6943395356558413,3_TooRare,skip,Neither
Selasphorus sp.,0.00021420238300151088,56,9.176669236134053e-05,0.00024643752808663005,2.8202182795152617,2.3086225436380787,0.7910228363594575,3_TooRare,skip,Neither
Willet,0.00020655229789431407,54,0.000513893477223507,0.00012563481824024277,4.219468205266739,2.9992342613022287,1.6006100882010559,3_TooRare,skip,Neither
Varied Bunting,0.00020272725534071565,53,5.506001541680432e-05,0.00024160541969277455,4.795831523312722,4.346074419663626,1.902385002997821,3_TooRare,skip,Neither
Blackpoll Warbler,0.00019890221278711726,52,3.670667694453621e-05,0.00024160541969277455,4.79583152331272,3.208655689151961,2.0,3_TooRare,skip,Neither
Snow/Rosss Goose,0.00019890221278711726,52,3.670667694453621e-05,0.00024160541969277455,3.6872347157914875,2.755964619400517,1.069419802994036,3_TooRare,skip,Neither
Lazuli/Indigo Bunting,0.00019890221278711726,52,1.8353338472268105e-05,0.00024643752808663005,4.795831523312719,2.414847342377279,0.9785456887430553,3_TooRare,skip,Neither
rail/crake sp.,0.00019125212767992045,50,0.00012847336930587675,0.0002077806609357861,3.338692782795196,3.1371655336293474,0.7564975254279509,3_TooRare,skip,Neither
Short-tailed Hawk,0.00018742708512632203,49,9.176669236134053e-05,0.0002126127693296416,4.795831523312721,4.582575694955841,1.7239146918884516,3_TooRare,skip,Neither
Horned Grebe,0.00018360204257272363,48,0.0008809602466688691,0.0,4.4814819170283045,0.0,1.393330189500714,3_TooRare,skip,Neither
Louisiana/Northern Waterthrush,0.00017977700001912521,47,0.0006056601695848475,6.764951751397688e-05,2.3233387510932446,3.570896678318731,1.2420340331560231,3_TooRare,skip,Neither
tanager sp. (Piranga sp.),0.0001759519574655268,46,7.341335388907242e-05,0.0002029485525419306,2.9548753364755864,3.1461272750594227,1.5273005838316305,3_TooRare,skip,Neither
Cackling Goose,0.00016065178725113317,42,0.0002753000770840216,0.00013046692663409826,4.7958315233127164,3.321666279984478,2.0000000000000004,3_TooRare,skip,Neither
Chestnut-collared Longspur,0.00014152657448314113,37,0.0006790735234739199,0.0,4.714971451891397,0.0,1.7729505601473783,3_TooRare,skip,Neither
Red-necked Phalarope,0.0001377015319295427,36,0.0006056601695848475,1.4496325181566473e-05,4.294410082377642,4.58257569495584,1.019386550512686,3_TooRare,skip,Neither
Brown Booby,0.0001338764893759443,35,0.0006423668465293837,0.0,4.795831523312721,0.0,1.9856430824976923,3_TooRare,skip,Neither
Common Poorwill,0.0001300514468223459,34,0.00045883346180670265,4.348897554469942e-05,4.733831161000735,4.5825756949558425,1.2692030608193983,3_TooRare,skip,Neither
gull/tern sp.,0.0001300514468223459,34,0.00020188672319494916,0.00011113849305867629,4.5262439767391545,3.173487628763355,0.8894372905423312,3_TooRare,skip,Neither
Horned/Eared Grebe,0.0001300514468223459,34,0.00018353338472268106,0.00011597060145253178,3.414849126673431,3.4637736026386845,0.8741075101430885,3_TooRare,skip,Neither
Chihuahuan Raven,0.0001300514468223459,34,3.670667694453621e-05,0.0001546274686033757,4.795831523312717,4.579384711231863,1.1472343938108267,3_TooRare,skip,Neither
American Herring Gull,0.0001262264042687475,33,0.000532246815695775,1.9328433575421963e-05,3.580186871727097,4.58257569495584,1.2087824738415234,3_TooRare,skip,Neither
Yellow-bellied x Red-naped Sapsucker (hybrid),0.0001262264042687475,33,7.341335388907242e-05,0.00014013114342180925,3.363218305988682,3.979409684009848,1.7602867252284835,3_TooRare,skip,Neither
Black-bellied Plover/golden-plover sp.,0.00012240136171514908,32,0.00014682670777814484,0.00011597060145253178,3.8803719980591853,3.1733831102453776,1.6273258232333732,3_TooRare,skip,Neither
solitary vireo sp.,0.00011857631916155067,31,0.0002569467386117535,8.214584269554334e-05,2.093653473010839,2.635812271308015,0.8644384909629723,3_TooRare,skip,Neither
Cassins Vireo,0.00011092623405435385,29,1.8353338472268105e-05,0.00013529903502795376,4.795831523312718,4.58257569495584,1.8011035133178515,3_TooRare,skip,Neither
Fox Sparrow,0.00010710119150075544,28,0.000513893477223507,0.0,2.5266374016543103,0.0,1.2081327547634495,3_TooRare,skip,Neither
Marbled Godwit,0.00010710119150075544,28,0.000348713430973094,4.348897554469942e-05,4.795831523312723,4.58257569495584,1.4355958085233744,3_TooRare,skip,Neither
Lesser Black-backed Gull,9.945110639355863e-05,26,0.00047718680027897074,0.0,3.306509738576137,0.0,0.912927397093681,3_TooRare,skip,Neither
Sanderling,8.79759787327634e-05,23,0.000348713430973094,1.9328433575421963e-05,4.631507154025155,2.713925772677076,1.3105835975369073,3_TooRare,skip,Neither
Prairie Warbler,8.415093617916499e-05,22,0.0003670667694453621,9.664216787710981e-06,3.998222888223842,4.502985464919578,1.7092090095666201,3_TooRare,skip,Neither
Philadelphia/Warbling Vireo,8.415093617916499e-05,22,0.00014682670777814484,6.764951751397688e-05,2.779959763087997,3.204725303373166,1.5381629467027764,3_TooRare,skip,Neither
kingfisher sp.,8.032589362556658e-05,21,1.8353338472268105e-05,9.664216787710982e-05,4.795831523312721,3.7603311795650645,0.9420620599166527,3_TooRare,skip,Neither
Red Phalarope,7.650085107196818e-05,20,0.0003670667694453621,0.0,4.79583152331272,0.0,2.0000000000000004,3_TooRare,skip,Neither
Sabines Gull,7.267580851836977e-05,19,0.000348713430973094,0.0,4.795831523312718,0.0,2.0000000000000004,3_TooRare,skip,Neither
Brewers Sparrow,6.885076596477135e-05,18,0.0002569467386117535,1.9328433575421963e-05,4.624349160533709,2.6760652541776113,1.2505621320815627,3_TooRare,skip,Neither
Bullocks x Baltimore Oriole (hybrid),6.885076596477135e-05,18,3.670667694453621e-05,7.731373430168785e-05,4.79583152331272,3.4195204768810745,1.2991353087963369,3_TooRare,skip,Neither
Cape May Warbler,6.885076596477135e-05,18,3.670667694453621e-05,7.731373430168785e-05,3.6355999264817793,3.130212712573198,1.4620068572259617,3_TooRare,skip,Neither
MacGillivrays/Mourning Warbler,6.502572341117295e-05,17,0.00014682670777814484,4.348897554469942e-05,3.5368797140157677,3.2699745974492003,1.004847740111758,3_TooRare,skip,Neither
raven sp.,6.120068085757454e-05,16,0.0002936534155562897,0.0,1.9262344192519139,0.0,0.9080633485459803,3_TooRare,skip,Neither
finch sp.,6.120068085757454e-05,16,0.0002936534155562897,0.0,1.6641157658783419,0.0,0.6190821229650713,3_TooRare,skip,Neither
Forsters/Common Tern,6.120068085757454e-05,16,0.00011012003083360864,4.832108393855491e-05,4.248911473560546,3.921926343680206,0.9565181381567424,3_TooRare,skip,Neither
large shorebird sp.,4.9725553196779315e-05,13,0.00022024006166721728,4.832108393855491e-06,2.557745495341617,4.582575694955841,1.3089016052363585,3_TooRare,skip,Neither
Whimbrel,4.590051064318091e-05,12,0.00016518004625041294,1.4496325181566473e-05,4.795831523312722,4.582575694955841,1.9999999999999998,3_TooRare,skip,Neither
Red Junglefowl,4.590051064318091e-05,12,0.00012847336930587675,2.4160541969277456e-05,3.2688099287448953,4.122048472113847,1.154915463735501,3_TooRare,skip,Neither
Graylag x Swan Goose (hybrid),4.590051064318091e-05,12,1.8353338472268105e-05,5.31531923324104e-05,4.795831523312721,4.52824170819988,1.2724707706671514,3_TooRare,skip,Neither
Spotted/Eastern Towhee (Rufous-sided Towhee),3.825042553598409e-05,10,0.00018353338472268106,0.0,2.0168730670151236,0.0,1.2059801118593254,3_TooRare,skip,Neither
California Gull,3.825042553598409e-05,10,0.00018353338472268106,0.0,4.795831523312718,0.0,1.334609182707081,3_TooRare,skip,Neither
Hammonds Flycatcher,3.825042553598409e-05,10,3.670667694453621e-05,3.8656867150843926e-05,4.795831523312719,4.582575694955838,0.6753069588406888,3_TooRare,skip,Neither
waterfowl sp.,3.4425382982385676e-05,9,0.00016518004625041294,0.0,4.001058038257418,0.0,0.7789944373480754,3_TooRare,skip,Neither
Eastern Towhee,3.4425382982385676e-05,9,0.00016518004625041294,0.0,2.683844733577558,0.0,1.1859413646755692,3_TooRare,skip,Neither
Larus sp.,3.4425382982385676e-05,9,7.341335388907242e-05,2.4160541969277456e-05,4.795831523312723,4.582575694955841,1.255190544555058,3_TooRare,skip,Neither
Common Goldeneye,2.2950255321590454e-05,6,0.00011012003083360864,0.0,3.347083371042079,0.0,2.0,3_TooRare,skip,Neither
Helmeted Guineafowl,2.2950255321590454e-05,6,0.00011012003083360864,0.0,3.9790935851603138,0.0,1.906342506367715,3_TooRare,skip,Neither
Tufted Titmouse,2.2950255321590454e-05,6,0.00011012003083360864,0.0,4.795831523312717,0.0,2.0,3_TooRare,skip,Neither
Sooty Tern,2.2950255321590454e-05,6,0.00011012003083360864,0.0,4.795831523312722,0.0,2.0000000000000004,3_TooRare,skip,Neither
Mallard x Northern Pintail (hybrid),1.9125212767992045e-05,5,9.176669236134053e-05,0.0,4.795831523312719,0.0,1.505113711106444,3_TooRare,skip,Neither
Calliope Hummingbird,1.9125212767992045e-05,5,9.176669236134053e-05,0.0,3.878433901381606,0.0,0.6753069588406888,3_TooRare,skip,Neither
Ringed Teal,1.9125212767992045e-05,5,9.176669236134053e-05,0.0,4.795831523312719,0.0,0.9626708437053222,3_TooRare,skip,Neither
Zonotrichia sp.,1.9125212767992045e-05,5,7.341335388907242e-05,4.832108393855491e-06,2.6556756865558135,4.582575694955838,0.6753069588406888,3_TooRare,skip,Neither
longspur sp.,1.9125212767992045e-05,5,1.8353338472268105e-05,1.9328433575421963e-05,4.795831523312723,4.58257569495584,2.0000000000000004,3_TooRare,skip,Neither
plover sp.,1.9125212767992045e-05,5,1.8353338472268105e-05,1.9328433575421963e-05,4.795831523312717,4.582575694955838,2.0000000000000004,3_TooRare,skip,Neither
Common Tern,1.9125212767992045e-05,5,1.8353338472268105e-05,1.9328433575421963e-05,4.795831523312723,4.582575694955841,1.2325206800070116,3_TooRare,skip,Neither
Western Flycatcher,1.5300170214393635e-05,4,7.341335388907242e-05,0.0,4.2618412959769385,0.0,1.3351832163524653,3_TooRare,skip,Neither
Ring-necked Pheasant,1.5300170214393635e-05,4,7.341335388907242e-05,0.0,4.795831523312717,0.0,2.0,3_TooRare,skip,Neither
Setophaga sp.,1.5300170214393635e-05,4,7.341335388907242e-05,0.0,4.795831523312719,0.0,1.325927644654238,3_TooRare,skip,Neither
Sedge/Marsh Wren,1.5300170214393635e-05,4,7.341335388907242e-05,0.0,4.795831523312717,0.0,1.9999999999999996,3_TooRare,skip,Neither
MacGillivrays x Mourning Warbler (hybrid),1.5300170214393635e-05,4,7.341335388907242e-05,0.0,4.79583152331272,0.0,2.0000000000000004,3_TooRare,skip,Neither
Cassins Kingbird,1.5300170214393635e-05,4,5.506001541680432e-05,4.832108393855491e-06,3.3283320511174055,4.582575694955838,2.0000000000000004,3_TooRare,skip,Neither
phoebe sp.,1.5300170214393635e-05,4,5.506001541680432e-05,4.832108393855491e-06,3.8396973788714646,4.582575694955841,1.3351832163524653,3_TooRare,skip,Neither
Townsends Solitaire,1.1475127660795227e-05,3,5.506001541680432e-05,0.0,4.79583152331272,0.0,2.0,3_TooRare,skip,Neither
Pileated Woodpecker,1.1475127660795227e-05,3,5.506001541680432e-05,0.0,4.795831523312722,0.0,1.9999999999999998,3_TooRare,skip,Neither
Canyon Towhee,1.1475127660795227e-05,3,5.506001541680432e-05,0.0,4.795831523312721,0.0,1.9999999999999998,3_TooRare,skip,Neither
small plover sp.,7.650085107196818e-06,2,3.670667694453621e-05,0.0,4.795831523312717,0.0,1.6118233289141284,3_TooRare,skip,Neither
Swainsons Warbler,7.650085107196818e-06,2,3.670667694453621e-05,0.0,4.79583152331272,0.0,2.0,3_TooRare,skip,Neither
Red-headed Woodpecker,7.650085107196818e-06,2,3.670667694453621e-05,0.0,4.795831523312721,0.0,1.154915463735501,3_TooRare,skip,Neither
Thick-billed Longspur,7.650085107196818e-06,2,3.670667694453621e-05,0.0,4.795831523312722,0.0,1.9999999999999996,3_TooRare,skip,Neither
American Wigeon x Mallard (hybrid),7.650085107196818e-06,2,3.670667694453621e-05,0.0,4.795831523312719,0.0,1.9999999999999996,3_TooRare,skip,Neither
parid sp.,7.650085107196818e-06,2,3.670667694453621e-05,0.0,4.795831523312721,0.0,1.9999999999999996,3_TooRare,skip,Neither
LeContes Sparrow,7.650085107196818e-06,2,3.670667694453621e-05,0.0,3.622176973617072,0.0,1.325927644654238,3_TooRare,skip,Neither
Western Bluebird,3.825042553598409e-06,1,1.8353338472268105e-05,0.0,4.795831523312719,0.0,1.9999999999999996,3_TooRare,skip,Neither
Gadwall x Mallard (hybrid),3.825042553598409e-06,1,1.8353338472268105e-05,0.0,4.79583152331272,0.0,2.0,3_TooRare,skip,Neither
Diamond Dove,3.825042553598409e-06,1,1.8353338472268105e-05,0.0,4.795831523312718,0.0,2.0,3_TooRare,skip,Neither
nightjar sp.,3.825042553598409e-06,1,1.8353338472268105e-05,0.0,4.795831523312717,0.0,2.0,3_TooRare,skip,Neither
pewee sp. (Contopus sp.),3.825042553598409e-06,1,1.8353338472268105e-05,0.0,4.795831523312719,0.0,2.0000000000000004,3_TooRare,skip,Neither
Cackling/Canada Goose,3.825042553598409e-06,1,1.8353338472268105e-05,0.0,4.795831523312721,0.0,1.9999999999999996,3_TooRare,skip,Neither
Haemorhous sp.,3.825042553598409e-06,1,1.8353338472268105e-05,0.0,4.79583152331272,0.0,1.9999999999999996,3_TooRare,skip,Neither
Purple Finch,3.825042553598409e-06,1,1.8353338472268105e-05,0.0,4.795831523312718,0.0,2.0,3_TooRare,skip,Neither
towhee sp.,3.825042553598409e-06,1,1.8353338472268105e-05,0.0,4.795831523312719,0.0,2.0000000000000004,3_TooRare,skip,Neither
Sooty/Bridled Tern,3.825042553598409e-06,1,1.8353338472268105e-05,0.0,4.795831523312723,0.0,2.0,3_TooRare,skip,Neither
Bridled Tern,3.825042553598409e-06,1,1.8353338472268105e-05,0.0,4.795831523312723,0.0,2.0,3_TooRare,skip,Neither
Black x Eastern Phoebe (hybrid),3.825042553598409e-06,1,1.8353338472268105e-05,0.0,4.795831523312719,0.0,2.0,3_TooRare,skip,Neither
Common Merganser,3.825042553598409e-06,1,1.8353338472268105e-05,0.0,4.795831523312723,0.0,1.9999999999999996,3_TooRare,skip,Neither
Green Jay,0.5089257367988219,133051,0.003303600925008259,0.642047074399973,3.1429280768125567,0.9085901065225271,0.34002114154629887,4_CountySpecific,county_specific,Hidalgo
White-tipped Dove,0.3512192323139595,91821,0.0005873068311125794,0.4435343973636017,2.9463672388683144,1.5560614914343078,0.23643313539734984,4_CountySpecific,county_specific,Hidalgo
Clay-colored Thrush,0.27343316694398223,71485,0.0007708402158352604,0.34522031998221786,3.7726628060584533,1.4743777348277203,0.18103577203543914,4_CountySpecific,county_specific,Hidalgo
Olive Sparrow,0.2468567712815805,64537,0.019931725580883162,0.30660210969852475,2.5627494717732064,1.0855547710473654,0.182651729565606,4_CountySpecific,county_specific,Hidalgo
Buff-bellied Hummingbird,0.22941075219461818,59976,9.176669236134053e-05,0.2897863724879077,3.128012887337097,1.4446740477516242,0.1821066085791468,4_CountySpecific,county_specific,Hidalgo
Mottled Duck,0.18926693059460287,49481,0.0023308739859780494,0.2384838776703439,3.1574485412559548,1.4975655334343427,0.42405246242708416,4_CountySpecific,county_specific,Hidalgo
White Ibis,0.1403216860787576,36685,0.010534816283081892,0.17449226621051564,3.351218710204347,2.1334468848815344,0.36726899936653357,4_CountySpecific,county_specific,Hidalgo
Harriss Hawk,0.13812228661043854,36110,0.0012663803545864994,0.17415401862294574,2.5483980109786852,1.2607402398437528,0.5609224061330402,4_CountySpecific,county_specific,Hidalgo
Hooded Oriole,0.1353376556314189,35382,0.002257460632088977,0.17037530985895075,1.9436519391308664,1.2870435787616241,0.5760642508700534,4_CountySpecific,county_specific,Hidalgo
Common Pauraque,0.13311913095033182,34802,0.0013581470469478398,0.16780946030181348,1.5428895186117686,2.182331476992971,0.3950594317512255,4_CountySpecific,county_specific,Hidalgo
Anhinga,0.12795914854552756,33453,0.004019381125426715,0.16059029036139338,1.8927760454867413,1.7010198026671783,0.5391906994900667,4_CountySpecific,county_specific,Hidalgo
Northern Harrier,0.12194235660871727,31880,0.01954630547296553,0.14890142015665694,1.517268223039477,1.0185715339734223,0.7804007506203966,4_CountySpecific,county_specific,Hidalgo
Wild Turkey,0.11942547860844951,31222,0.017068604779209337,0.14637422746667053,1.1455475610063892,2.1144514499348217,0.37959069771015813,4_CountySpecific,county_specific,Hidalgo
Roseate Spoonbill,0.1144184979057892,29913,0.01036963623683148,0.14181271714287094,3.684586535308813,1.65879698747077,0.29609548370469807,4_CountySpecific,county_specific,Hidalgo
Bronzed Cowbird,0.09965765869145295,26054,0.011489189883639834,0.12287085223895743,0.9904712655076718,1.3778366036545042,0.6368380320865767,4_CountySpecific,county_specific,Hidalgo
Tricolored Heron,0.08502304588138543,22228,0.01822486510296223,0.10260982174352135,2.746445873347418,1.7585984116338473,0.15500680894008295,4_CountySpecific,county_specific,Hidalgo
Green Kingfisher,0.08346625356207088,21821,0.0008993135851411372,0.10520466395102175,3.256157392938114,2.1992216713909087,0.5135378353291626,4_CountySpecific,county_specific,Hidalgo
Carolina Chickadee,0.08030676841279859,20995,0.3853283412252689,0.0,0.6266630253469371,0.0,0.5058766030419739,4_CountySpecific,county_specific,Bexar
Tree Swallow,0.07883030198710961,20609,0.004863634695151048,0.09830441316459611,1.8040681188341627,1.5336600893381143,0.7754949136120693,4_CountySpecific,county_specific,Hidalgo
Eastern Screech-Owl,0.07770573947635168,20315,0.0014499137393091804,0.09778254545805971,1.9118317767886401,2.206461904585435,0.5871993459491082,4_CountySpecific,county_specific,Hidalgo
White-tailed Kite,0.07734236043375983,20220,0.00012847336930587675,0.09767140696500104,3.3349482478138697,1.685820190026952,0.4264669765191025,4_CountySpecific,county_specific,Hidalgo
Stilt Sandpiper,0.0752385870292807,19670,0.014737730793231289,0.09116738906687155,4.573398568764362,2.221737466287666,0.4675763603236019,4_CountySpecific,county_specific,Hidalgo
Sora,0.07492875858243923,19589,0.013526410454061593,0.09109490744096371,3.1191455271020514,1.897167870410701,0.710797388735774,4_CountySpecific,county_specific,Hidalgo
Cinnamon Teal,0.07156272113527264,18709,0.01859193187240759,0.08550899013766677,3.924213046171967,2.751915618442157,1.0318216993903657,4_CountySpecific,county_specific,Hidalgo
Common Ground Dove,0.06891579168818253,18017,0.013508057115589325,0.08350366515421674,1.3160078218253612,1.2203845622057898,0.3880465468768873,4_CountySpecific,county_specific,Hidalgo
Swainsons Hawk,0.061108879836288175,15976,0.013067576992254892,0.07375730252381021,0.9745529345746716,0.8755049601412634,1.0946399192169343,4_CountySpecific,county_specific,Hidalgo
Ringed Kingfisher,0.05960181307017041,15582,0.00016518004625041294,0.07525042401751156,3.3108468050339104,1.8671322776229529,0.4276073905248345,4_CountySpecific,county_specific,Hidalgo
Northern Rough-winged Swallow,0.05921165872970337,15480,0.00581800829570899,0.07326925957603081,1.6389821671794313,1.4962571236785798,0.8394449843490481,4_CountySpecific,county_specific,Hidalgo
Blue Jay,0.05752481496356647,15039,0.27601585728444006,0.0,0.8988813759104732,0.0,0.5069282330465331,4_CountySpecific,county_specific,Bexar
Broad-winged Hawk,0.05141622200546981,13442,0.008919722497522299,0.06260479635079175,0.8368193158342024,1.490058784512814,1.2846938660379714,4_CountySpecific,county_specific,Hidalgo
Groove-billed Ani,0.04860099068602138,12706,1.8353338472268105e-05,0.06139193714393401,4.79583152331272,0.9671474136293784,1.0769466136766788,4_CountySpecific,county_specific,Hidalgo
Black Phoebe,0.048207011303000744,12603,0.0016150937855595932,0.06047383654910147,3.0102836331131417,1.7301019221924678,0.8317939950868751,4_CountySpecific,county_specific,Hidalgo
Tropical/Couchs Kingbird,0.04724310057949395,12351,0.000348713430973094,0.059589560713025916,1.900015401025797,0.9530891093378906,0.2438841499512236,4_CountySpecific,county_specific,Hidalgo
Vermilion Flycatcher,0.0466349188134718,12192,0.012241676761002827,0.05569004923918453,1.1501250819965132,1.6279290641545343,0.7502428659645903,4_CountySpecific,county_specific,Hidalgo
Western Kingbird,0.033189894237573396,8677,0.08666446426605,0.019110988697698467,0.8344014553414427,1.2767827268032217,1.4440934775909176,4_CountySpecific,county_specific,Bexar
Mallard,0.03205768164170827,8381,0.11861762654626877,0.009267983899414831,1.769280320287704,2.625761390377336,0.22379497598780618,4_CountySpecific,county_specific,Bexar
Cedar Waxwing,0.02505402872606958,6550,0.07631318136769079,0.011558403278102335,0.5701920021485171,1.2545916614683241,1.0206422185191217,4_CountySpecific,county_specific,Bexar
American Goldfinch,0.02435787098131467,6368,0.05665675586389164,0.015854147640239867,0.6909509590949977,1.2588244218145848,1.1588518566437358,4_CountySpecific,county_specific,Bexar
American Robin,0.022781953449232124,5956,0.08853650479022133,0.005469946701844416,0.8406726270852386,1.1782005718382185,0.0975951360280532,4_CountySpecific,county_specific,Bexar
Downy Woodpecker,0.022066670491709222,5769,0.1058804096465147,0.0,1.2563034433480178,0.0,0.4442573803148376,4_CountySpecific,county_specific,Bexar
Egyptian Goose,0.020926807810736893,5471,0.1004111147817788,0.0,1.6500252688083497,0.0,0.4938032028015635,4_CountySpecific,county_specific,Bexar
Chipping Sparrow,0.01639413238472278,4286,0.05693205594097566,0.005721216338324901,0.7802895581333216,1.1863397039757748,0.6304770170991848,4_CountySpecific,county_specific,Bexar
White-crowned Sparrow,0.016000153001702145,4183,0.06590683845391476,0.0028606081691624507,1.2423367090116075,1.6647786129723972,0.6977201986333171,4_CountySpecific,county_specific,Bexar
House Sparrow,0.35977202746380554,94057,0.44336159747458065,0.3377643767304988,0.4938234621493935,0.9656297763777076,0.19257043591633077,5_CrossCounty,combined_model,Both
Great Egret,0.35680379444221316,93281,0.21001725213816394,0.3954500867363457,1.1664321165720803,1.3007406350101598,0.1874465932059787,5_CrossCounty,combined_model,Both
Long-billed Thrasher,0.3399391818233978,88872,0.08967441177550196,0.40582945556634725,1.600220728811904,1.094800095606636,0.2766006274937618,5_CrossCounty,combined_model,Both
Carolina Wren,0.32940501463078775,86118,0.5303013618177146,0.27651257072998664,0.4121846469418868,2.1989328362598783,0.1325295811588534,5_CrossCounty,combined_model,Both
White-eyed Vireo,0.29214910015873924,76378,0.24130969423338106,0.3055342137434827,0.7219215261926245,1.3630451099741232,0.07457546847886246,5_CrossCounty,combined_model,Both
Black-bellied Whistling-Duck,0.2898961500946698,75789,0.13847593877326286,0.3297624052302741,0.85410638510559,1.1608164021287959,0.39748542636000983,5_CrossCounty,combined_model,Both
Snowy Egret,0.27846309790196416,72800,0.1629042322798517,0.3088876969688184,1.7776384630839543,1.477900887365413,0.16578677411947024,5_CrossCounty,combined_model,Both
Blue-winged Teal,0.2718687245395605,71076,0.08466395037257277,0.32115642018081747,2.2546278051039916,1.5477673916540178,0.5653760586561454,5_CrossCounty,combined_model,Both
American Coot,0.2593684854744009,67808,0.1161215725140403,0.2970828561626294,2.2884543883408672,1.6192579011324575,0.5398668412454768,5_CrossCounty,combined_model,Both
Eastern Phoebe,0.2305888653011265,60284,0.3516499651286569,0.1987156255889132,0.42482780364815625,0.947058383982425,0.5589976470238955,5_CrossCounty,combined_model,Both
Black Vulture,0.2277009581731597,59529,0.38426384759387733,0.1864807271356711,0.3904830637830423,0.9212702426020745,0.08423991463985525,5_CrossCounty,combined_model,Both
Neotropic Cormorant,0.2144854361504772,56074,0.15073596887273796,0.23126953983831766,1.8667046870309936,1.4639991783268114,0.16209468716272474,5_CrossCounty,combined_model,Both
Pied-billed Grebe,0.21433243444833325,56034,0.07768968175311089,0.2503080469101083,2.22424743441082,1.6436247106982684,0.5880513223691027,5_CrossCounty,combined_model,Both
Great Blue Heron,0.21331114808652246,55767,0.10353118232206439,0.24221426535040033,1.440722870675042,1.4804114033370006,0.4485489730614122,5_CrossCounty,combined_model,Both
Least Grebe,0.2132308221928969,55746,0.05113240098373894,0.2559084605385868,2.692996705905326,1.93305192972987,0.5032214064530252,5_CrossCounty,combined_model,Both
Black-necked Stilt,0.2059938416814887,53854,0.07427596079726902,0.24067282277276045,4.32474146905749,1.5225603730988913,0.1283486422959657,5_CrossCounty,combined_model,Both
European Starling,0.20560751238357527,53753,0.21633080057262416,0.20278426085653953,0.5874108379671891,0.7960557943826831,0.14042674303084285,5_CrossCounty,combined_model,Both
Crested Caracara,0.1795933979765525,46952,0.18780971258671952,0.1774301881139798,0.8648168738717601,0.7275364658869246,0.1890466380776171,5_CrossCounty,combined_model,Both
Killdeer,0.17270067129496816,45150,0.14603751422383732,0.17972060749266727,0.9673832063746797,1.0417640001528483,0.28228360334032226,5_CrossCounty,combined_model,Both
Common Yellowthroat,0.16957561152867826,44333,0.05506001541680432,0.199725536243229,1.492577528416936,1.5518944224022218,0.4893596337756369,5_CrossCounty,combined_model,Both
Verdin,0.16397957427276377,42870,0.05450941526263627,0.1928011249148341,1.630010753204582,1.3362488125569234,0.0373910571933798,5_CrossCounty,combined_model,Both
Least Sandpiper,0.1430642415896877,37402,0.07012810630253644,0.16226703197406125,2.769055586697778,1.440776821998692,0.3927290611777975,5_CrossCounty,combined_model,Both
Yellow-crowned Night Heron,0.1391703482701245,36384,0.050636860844987704,0.16247964474339088,1.587284308422237,2.3427448928430477,0.019388383254838097,5_CrossCounty,combined_model,Both
Red-shouldered Hawk,0.13805726088702736,36093,0.24208053444921632,0.11066977854447231,0.6539793951526686,1.2778686798588534,0.4945012977012537,5_CrossCounty,combined_model,Both
Coopers Hawk,0.13634746686556887,35646,0.07280769371948757,0.1530763618089481,0.5802834755503545,0.7672540922990653,0.45312045078622704,5_CrossCounty,combined_model,Both
Lesser Goldfinch,0.1360758888442634,35575,0.32474397092831186,0.08640293019053004,0.7663198176528644,1.1219627326330415,0.49563585242365565,5_CrossCounty,combined_model,Both
Black-chinned Hummingbird,0.1262455294815155,33005,0.20186836985647688,0.10633537731518393,0.791298123967535,1.8465978590043775,0.5053330577106339,5_CrossCounty,combined_model,Both
White-faced Ibis,0.11241035056515004,29388,0.05331644826193885,0.12796872659447497,4.1434615951973,2.2149783077329888,0.4028765823480423,5_CrossCounty,combined_model,Both
Rock Pigeon,0.10837493067110372,28333,0.09128950556106155,0.11287321997207041,0.985282373603931,0.8610413269919017,0.15072388470138984,5_CrossCounty,combined_model,Both
Spotted Sandpiper,0.10663836135177004,27879,0.06557647836141395,0.11744922662105156,2.8049992422759544,1.8367282324148753,0.3326535203563748,5_CrossCounty,combined_model,Both
